<?xml version="1.0" encoding="UTF-8"?>
<project-private xmlns="http://www.netbeans.org/ns/project-private/1">
    <editor-bookmarks xmlns="http://www.netbeans.org/ns/editor-bookmarks/2" lastBookmarkId="0"/>
    <open-files xmlns="http://www.netbeans.org/ns/projectui-open-files/2">
        <group>
            <file>file:/home/santorar/Downloads/Refugio_Mascotas1/src/refugio_mascotas1/Interfaz.java</file>
            <file>file:/home/santorar/Downloads/Refugio_Mascotas1/src/refugio_mascotas1/Datos.java</file>
            <file>file:/home/santorar/Downloads/Refugio_Mascotas1/src/refugio_mascotas1/Felino.java</file>
            <file>file:/home/santorar/Downloads/Refugio_Mascotas1/src/refugio_mascotas1/Canino.java</file>
            <file>file:/home/santorar/Downloads/Refugio_Mascotas1/src/refugio_mascotas1/Animales.java</file>
        </group>
    </open-files>
</project-private>
